<?xml version="1.0" encoding="UTF-8"?>
<root>
  <item name="com.kevin.crop.UCrop.Options void setAllowedGestures(int, int, int) 0">
    <annotation name="android.support.annotation.IntDef">
      <val name="value" val="{com.kevin.crop.UCrop.NONE, com.kevin.crop.UCrop.SCALE, com.kevin.crop.UCrop.ROTATE, com.kevin.crop.UCrop.ALL}" />
    </annotation>
  </item>
  <item name="com.kevin.crop.UCrop.Options void setAllowedGestures(int, int, int) 1">
    <annotation name="android.support.annotation.IntDef">
      <val name="value" val="{com.kevin.crop.UCrop.NONE, com.kevin.crop.UCrop.SCALE, com.kevin.crop.UCrop.ROTATE, com.kevin.crop.UCrop.ALL}" />
    </annotation>
  </item>
  <item name="com.kevin.crop.UCrop.Options void setAllowedGestures(int, int, int) 2">
    <annotation name="android.support.annotation.IntDef">
      <val name="value" val="{com.kevin.crop.UCrop.NONE, com.kevin.crop.UCrop.SCALE, com.kevin.crop.UCrop.ROTATE, com.kevin.crop.UCrop.ALL}" />
    </annotation>
  </item>
</root>

